user_id,home_lat,home_lon,avg_amount,std_amount,preferred_hour_mu,preferred_hour_sigma,avg_daily_txns
0,31.738043090031425,14.085716769189943,55.598200213985756,12.020838819909644,10.715939723698229,1.1742508365045983,5
1,37.62899030532343,-15.03129066447454,111.99160186398449,5.92630224331111,19.669008373781935,3.497327922401265,2
2,26.72744914738462,-77.99145881758794,40.18805520439501,24.43752583889521,12.203520542178461,2.8355586841671383,2
3,23.213307243554002,16.8506622609751,7.166201979358323,15.474710319363691,9.996670779861029,2.855158027999262,4
4,35.370095398753904,-28.910251736554898,36.51690602707228,12.673585565928118,9.715567522838075,3.84665661176,4
5,36.64549366398402,-53.75001969521007,21.925524716865066,5.718481349909639,11.539832081843638,1.7230763980780353,4
6,25.17299410596425,-40.57877078664758,63.94580512359986,19.026998424023493,14.72074823295592,2.640130838029839,5
7,47.20920032187853,-6.984061196666261,12.469991524533405,47.27745237038851,18.843100854704137,2.7936999364332555,4
8,23.17590951167399,-60.960360308408276,10.147043758109614,42.29318791183682,12.924286593629482,1.8428035290621423,4
9,29.175978732586128,-64.44717931551011,18.617921405953297,12.437012257835113,9.172000474153133,2.270204442119109,1
10,27.166607719888482,-99.33734594516771,52.757093421994156,37.80532256184443,17.483973813545404,1.222133955202271,2
11,25.012595547653373,3.5724111050712253,67.36992944357858,33.04841570724011,12.639878273379141,1.1906750508580708,5
12,40.969760636789665,-23.49310343737443,31.26164362343613,10.381741067223576,16.845692659452943,3.2823551458506923,2
13,28.13560791347285,-69.27180126864113,73.90838741350063,6.819511529229411,16.817291786543663,1.332672462435494,4
14,24.805177101825915,-96.22849771759189,10.64403491249897,27.885681102411624,18.983231213187025,1.7478766874466247,5
15,36.0358683738435,-75.63265303182767,76.24816074896412,47.42841067510915,15.587520131373896,3.084354799119114,4
16,46.1721389609069,-3.025554452269972,68.87695791600441,41.165243460460154,11.052270647746393,3.677676995469933,3
17,30.43297054613712,-85.3494454359192,43.07750295910687,21.03340271346387,18.975112857003296,1.816396748153906,3
18,33.10480250428267,-1.8382280893008272,3.958476234503556,14.99485147118286,10.31851904067051,2.012845514210884,3
19,30.403276232539636,-37.74512539079607,43.659214301238876,36.635853150283005,12.999925626172233,3.915346248162882,4
20,28.418777633803632,-16.443487259225392,18.053477104324717,49.89832182720238,11.934591157028136,3.929844867497959,4
21,23.338447532499725,-66.56242429160662,47.74777738704889,45.87196486849942,11.635180797336696,1.4346846162736693,4
22,33.64236227890038,-33.65282931144064,17.99148208921812,21.6344505227632,11.663759321051685,3.4094192691396876,5
23,38.439951595433065,-23.976434708692636,37.89910548210746,29.10986078336413,9.99318747059849,3.505907486767714,4
24,35.21316819525869,-16.50246318509417,23.732250629339138,14.910847140449674,16.822644856818197,3.4285031384191464,4
25,38.7744925506457,-79.07602851940104,65.75939833311635,36.09219821461097,13.254088809305912,3.8101899662102037,1
26,39.5679430430213,-11.774065691107339,39.03739790130532,36.310297970528694,11.514050239770295,1.5248647812878087,1
27,35.43253317304637,-68.70049902035092,10.435498576528401,49.831416489106594,19.61961286417673,2.6748803608212928,3
28,26.906384816875864,-66.53543768893817,63.6196368570648,43.53459313451416,13.449589398344092,3.663310296282879,4
29,24.18763908987127,-80.60455430864636,48.29682546912364,45.43493848371857,15.67071965625549,1.027591154849889,1
30,39.25104599680945,-99.39260993845376,38.086748361320126,36.135283896171195,16.171573854528607,1.6728079283816792,1
31,22.469959454003543,-40.73275417798784,12.509846898975553,13.047021914959796,13.03115663041146,3.232511569169687,3
32,39.09793519980893,-31.80296759974341,27.212855959163473,16.934106545677643,11.68388607716992,3.9190316642573366,5
33,34.65529597694584,8.731854526226485,18.119905194581065,24.54774644796929,12.850862484641432,2.9353100860916945,1
34,27.076317682749156,-13.305746168619365,14.059326755389625,47.320636295881144,19.493214347028463,3.7445931706613456,3
35,41.44068812133276,14.368621642874388,48.71455870826829,19.883763710173117,15.08041463519039,2.716877407512515,4
36,44.17824584215136,-64.66613295164971,76.4362404143706,19.261490232032493,10.864420213547017,2.6704037873750504,2
37,46.18043770508163,-91.55006429805474,25.18595832556725,14.401342292691208,16.38257868506456,2.0759403438884916,3
38,29.677555298892408,-61.29390829136794,47.456771870309005,18.34295646415093,13.617589420909042,1.7686208307833742,5
39,24.12144869040625,-99.37781646712159,137.43340535721796,33.25524867268862,11.137013488632466,1.2128227509997829,4
40,45.05204587271716,-96.68598737515543,9.50249449015674,35.24117608828397,12.609679342222051,1.4651248501832326,5
41,43.81227105380344,3.2485541974010346,164.06758905140924,16.26131122321388,9.427182078723655,1.9097965440196685,3
42,25.303573328949003,-37.33080879342347,18.685672105083412,33.03007141185501,9.938822114931448,1.155045163505823,4
43,32.69520153147364,-16.058534707936744,57.03574628891498,11.225889158801062,10.460199644672668,3.908610601342477,2
44,30.396868296472395,-4.577656627755559,23.20577115978429,8.530537160401968,9.278858177570033,3.887945244033775,1
45,39.900997419899525,-93.01676853898677,8.711936638698738,46.18461774319162,13.865874527042148,1.7193620774722098,1
46,39.16513179466101,-66.40793236648686,180.86030860127846,23.882002809250547,11.725040884512733,2.0679180359537845,5
47,25.124280842946696,-58.97443999403181,75.63901401260237,9.130957961604885,10.03572687095416,1.9342399281738825,4
48,26.558587017122804,-97.94066778018997,57.932231528561424,20.583694449023035,14.111411942335724,2.94932104792829,2
49,38.01210254935763,-23.788761895882743,53.51260892468367,7.038680439742003,13.120738760891182,2.8775797471427094,2
50,35.02703698179674,-35.27470619199249,72.10376726776572,47.47512220523407,19.38676756837684,3.6015968006650114,3
51,42.82468166174239,-18.739798914042197,113.92950397904971,30.801516875237,10.413503885573013,3.433612530208009,3
52,46.47808502818965,-53.66768346390709,41.462669578441464,8.203489180710305,12.508731933231374,3.5346259329083636,2
53,30.85623880607024,-68.71665661169163,20.122536062727107,27.32168544320328,16.621793945611333,2.045009813359592,3
54,44.81427235170338,-11.791474743533712,20.010143384014988,12.984779470087528,17.256762268049442,3.420504217801792,1
55,41.02284163779065,-84.67723246930413,66.78000570610759,16.250740214724708,15.385984135783008,3.6013498216291664,5
56,28.203518354548844,-18.418626411970507,16.608388561395223,21.997799877933268,14.877602208836198,2.489683572049233,1
57,30.321289626795906,7.462787419544057,62.33201582958418,22.51407554303734,9.119214166283282,3.7161459292577907,4
58,31.227534952030737,14.816106215174756,28.214501501615608,27.186154599731225,9.916128523147856,1.2751124417754434,4
59,30.545278179617817,-19.297785270755384,167.29802426692933,38.8568538246956,17.707369480984333,3.3688544283836617,5
60,46.204156747869604,16.90978502412922,42.931879124281245,36.76241677454125,19.655171383715484,3.0640900305251173,2
61,38.07366964622278,-87.86527886526517,126.49902488698399,8.784806275174883,16.71066044605032,1.2182890190925806,2
62,45.18931962819619,-82.40742139695695,9.343462113382062,31.158743775205203,18.494523741879043,3.6410799059152503,1
63,46.62846301198033,18.32012765874451,35.276153993103925,38.902018336652375,13.138855440840073,1.2505021500960063,5
64,31.827677343178614,-15.389876284400813,17.57757632139573,24.55033300197221,11.790503912604526,2.2156062603442512,2
65,41.26532038367738,-7.9366176269713975,12.96714066513081,42.02556583445119,17.186328226376276,3.043118281290727,4
66,47.01648626033809,-55.01553045715551,57.51899225590271,15.061812733375369,19.595447933846724,1.036463424069449,5
67,23.12215771071498,6.937173643768531,24.023286301052092,28.746549908883495,19.922612757312304,1.2213896942061966,3
68,40.08068920077284,-90.94785434922768,22.70302057710532,18.252227607774344,19.954145125323077,3.0907751675914445,3
69,45.430108272765715,-94.54643435902506,21.222354493275287,17.643343531650366,19.454526324842146,3.670791351672749,4
70,24.775657714332993,-59.720792224364416,47.95099015774945,22.472077279544248,11.523342202754446,1.7978137748927168,5
71,47.334264999320325,18.345289337552344,14.40132011994274,36.417277130888536,14.897060029785324,1.9285828488589831,4
72,37.672328932605765,-67.48508289818442,30.017153472513417,31.15231795313718,19.110942070191157,1.2482452601059184,2
73,36.34128468614582,-80.21988866355989,55.651809504821685,23.506480246341606,17.55362512108748,2.441110245599064,1
74,31.795213218386458,-10.050604002871353,83.33140572330764,30.608666112458643,9.698630125490014,1.1104656029079742,1
75,22.35547108550193,-90.95691275770452,24.53232160535342,36.12714787260104,14.877809025324094,3.2497322484099156,3
76,36.44122434566832,-7.721510178338747,25.77953689006917,10.812173681817274,19.494561299845948,2.81852390335264,1
77,39.464217794552276,-25.8246111450525,9.213789512778495,21.11732231147782,10.249133514195918,3.0147195867783987,2
78,34.38147811651437,-0.2354211924998566,70.08144153407626,48.558819444792036,9.972490457022113,3.3754535184088987,1
79,25.48439593971666,-96.54607884239933,21.000349817502244,38.98117650531285,15.82340506488811,3.112239304297671,3
80,45.48192752559228,-25.92835454832496,34.57935056441769,33.648994473002716,15.102971693964482,1.2730062731539908,2
81,31.054642142605807,-38.321261300822705,40.13629049257693,40.26438557335144,13.361970605533973,2.8662601006836206,3
82,40.13868865883005,-4.423386919134728,87.33271601872134,39.60129835919289,9.728595756370524,1.1375837992138988,5
83,31.032748613860768,-74.9043050705783,29.510925814800018,31.08424705122823,12.757195315021995,2.61179025014221,3
84,25.609506488884662,-23.09503062361425,21.95305843213329,45.35547844577053,14.213578042891596,3.0026732155630818,2
85,37.65032028406497,-73.13811209124154,14.191301159438234,41.98057865800021,12.795908906046254,2.0428576434480505,5
86,36.266598039392626,-35.869179552097236,62.10504121124648,10.793677923483976,12.631094646411709,1.964748294040087,2
87,42.78467037163511,-24.651953261091066,26.318916049022985,8.679156437699236,18.60936486517455,3.7626172015954396,5
88,22.06747063397481,4.196132844270423,38.290643913512376,49.38156481400668,14.902497105860657,3.7721252773222993,2
89,41.75884063237723,-36.24810952317591,17.810970097301094,37.42322276261592,9.685754987623657,1.44321727571868,3
90,40.54708923299836,7.424820522463918,388.8153867448268,9.822740510289922,13.921536035058,2.5978517993650696,1
91,41.1725353584393,-78.12593458288504,81.09813212844291,30.378429140847636,18.24780984465724,1.2676129861361685,4
92,28.063626700294833,-58.84877628660877,5.8046242744349215,34.19702781312092,14.275403119296751,2.752598454142508,2
93,36.50129891471137,-29.615747840708906,24.219856155198947,30.40063441351886,13.166498885464183,2.0123405016157543,4
94,38.79384827462163,-31.50660343973057,10.817291741631772,9.580211267918168,10.681450531027652,1.7378731851535245,4
95,44.1212554637398,-89.45348505518274,51.954866478307444,41.26391990335146,9.612188382926728,3.5269421058945447,3
96,35.63729612882662,-50.752380761240616,45.24999751308626,43.94782066522911,17.987792780442078,1.7737084811348196,3
97,43.34239830198717,-13.785127499613566,30.940714377526376,29.076652942020974,14.242814325390531,3.5157476761078743,5
98,26.863137462495608,-61.15849163149076,41.42174066493558,15.908437958678611,10.263205072131239,2.831860127324898,5
99,35.158702865343024,11.841721070832094,3.6959444519501794,19.428898647178144,15.532714073136887,2.1076914445296886,2
100,36.26368106639198,-34.129362413322724,54.6687831205452,8.954065005919556,10.527072507862224,1.008132698242989,1
101,37.48660725580395,-43.410857373980996,14.730284480217922,23.532841136627084,12.837550931972949,3.7885874327434776,4
102,47.090699677329326,-85.08433318173464,37.93155788580224,13.155487977454706,9.731458941034553,3.223361947870177,4
103,43.88754819571507,-83.22731480484526,35.570446383399364,40.787029033695056,11.21790052052519,1.4909678285971135,5
104,26.846529656491747,-71.71699047220002,59.97284839238061,19.228846203342258,15.471373433745622,3.0489461902513972,3
105,38.22664014872778,-35.226272570244035,40.236124381248906,24.743510392475258,15.352348979967383,2.0660873554551875,2
106,36.132374388963704,8.776653315745634,16.31601672407663,47.29244556260638,15.904788583785596,2.0047168439712584,4
107,42.644654921027694,-25.591269288578374,41.660482140077804,29.00574913893447,18.832818413560535,3.3657916336735925,1
108,30.104773762684253,-70.18130322226412,110.81000299402693,44.45445365427872,12.762899235874983,3.4637719140160383,4
109,33.882005701323635,-27.525055351298505,45.678493438593605,27.602975635813856,14.938467008241204,2.4590724459868234,4
110,40.77856677821973,-13.595615614471072,100.35587885487512,29.42259995064183,11.76978964797648,2.0370879805117585,3
111,46.935944658664724,-58.89708913857479,74.20877167860401,15.230794236349416,13.659565486625311,1.8637888494271784,3
112,25.987136481018084,-29.652420157984338,234.29982150557422,5.814958271937823,18.593362998385665,3.796354847450837,4
113,45.887513578779405,-5.189843545109596,36.72203360359,6.036017215443688,16.165039320870708,3.313740005559214,2
114,23.791960023547688,-90.72147214134553,20.04670683232341,13.384439577235431,18.212398679027412,1.9964392379648168,3
115,37.37316132936816,-52.11967553558437,22.27998196648438,7.4642737469914096,12.68716965810491,3.4085603457940343,5
116,37.696759824983616,-86.28792399331746,76.81706174458039,46.53321043093182,14.122701345506945,2.4425109342672204,3
117,33.75766646313499,-73.04742124720217,27.169792853277,25.3597782259712,10.549427224177798,1.52916095951867,4
118,32.89206168711824,9.781508128172007,78.59970098802152,33.45189295637887,9.14403902247167,2.9906121160501318,1
119,46.98782825420584,-82.16047266962644,7.569112396216306,23.658085567716068,9.938846348865082,3.990622755537842,1
120,29.789493705928404,-62.80756884776669,11.132147761631327,40.990190993342125,12.843256989542663,2.404695485324138,1
121,22.950291364050468,-43.35196658680009,7.17782962041565,30.41785099681774,9.722795033711876,3.326582850085032,2
122,35.63414700251708,-47.10847036741262,89.73565251193811,11.985811066882063,11.001209435447983,3.585356863040552,3
123,31.706042223273577,-67.51063922277355,6.304652255149928,33.97997944575571,13.496075882079062,1.0761590669810346,4
124,43.83451034587084,4.039251201382825,88.03748387987929,16.424985381948694,11.15724409662798,2.5165236373181012,1
125,42.79781821970292,-78.57464055347997,5.815583638737025,34.37357485333436,11.620010591513992,1.2983241782780355,3
126,47.02888228242674,13.329167069272813,26.558566407185143,19.579552749805984,9.956175164453843,2.8997223247328816,1
127,27.40504263379671,-96.81613553514164,14.210412902335513,13.164594579040878,15.413457170666614,2.264273651777494,2
128,45.6762240920479,-25.028647474809873,74.0012311212719,21.337664548779074,9.37650921902582,3.4919635196957493,5
129,32.64470295697225,-33.754338297762374,22.066269404015305,24.62569381108925,12.239123354961094,3.84535992088647,4
130,25.642942569927765,4.216157107749538,72.05704897414984,40.99348651762919,13.677348549161568,1.067407924960352,1
131,36.08248958118254,-23.982613620862324,32.30536771312892,16.604945844494104,10.532916814801066,3.5047907103978972,4
132,25.43918148925859,8.06867614836628,80.0314924968498,42.016274416025325,14.826278465205892,3.4451632852073715,1
133,29.125435737867356,-33.498639698104796,83.19109406184367,34.31391747583389,18.127159840779218,1.6192638152818097,2
134,25.640482005171673,-68.35794368384603,68.65548016581957,16.282879725271897,15.964078696931924,2.482821550414814,2
135,45.774710594048955,-49.74753701295123,15.907064841254451,22.241233771227385,14.708094758111212,1.1408979003251651,4
136,46.92430661014373,-77.87548951852442,37.25425861387664,8.071236740934122,18.207868897733324,2.3115801890717305,4
137,40.695193534790384,-64.345394125219,27.71480708740183,30.488208813360373,14.236554424190096,2.9910134960879446,5
138,34.57762849024273,-67.61065331293662,12.359605071847696,42.868834713951955,18.31048634246013,3.865708938170437,3
139,30.69034116124098,-7.490535550501363,37.19526326937984,9.796921391019731,9.826515599093897,3.1845662686108103,1
140,40.32806429191278,-28.205673007821446,17.504164978441846,8.49944048355307,9.02573329688356,3.9030981646212592,2
141,24.680437396357366,-62.24841318287069,31.167732291801933,41.33436133175425,19.583086643405295,3.3700406763755684,1
142,33.59615009690685,-77.78404853936564,77.60679147919234,37.95011988843025,17.872172626475948,2.976350100132152,1
143,45.48745912853665,-22.400209705940398,36.440636346996364,36.192884515561616,9.56755387324581,3.0097523936501176,2
144,37.294857681218204,19.92241994790018,12.172787592584093,19.078468542751438,10.325748366651109,3.193071014374845,3
145,46.03430107978979,16.526989419844128,266.34220676751187,47.491992010104525,14.216356383232101,3.5861279529679404,3
146,30.296612304324647,-0.5301431019187248,35.762384243289,15.350397677946637,10.326235743550066,1.2308596048876275,5
147,35.786893448507406,-47.076140590220604,22.87809194532214,23.201845235683283,15.296705353768122,3.4119309382026928,4
148,42.55880228581305,-61.74969964815161,66.30146671442981,32.713843468203706,11.562554222289972,1.073202344669614,2
149,47.74887414688621,-99.97149717089385,41.53040312010737,13.346280930952512,13.223602789116983,3.7977697282757585,3
150,47.946286873866775,-57.91458214579478,21.893050110824706,26.594402913675896,15.902560095402071,3.621031342559016,1
151,41.97510876047747,-49.86798613991995,102.2558444933387,23.961065102468158,17.113405317477806,1.716331437304907,3
152,34.150079929978965,-64.35965482541414,47.638953901524566,31.50988405119027,12.04992210266451,3.731017306172603,1
153,24.846157565656995,-53.004383135157276,60.05318681755811,10.599690078358535,19.520572673153673,3.39396796643015,5
154,24.324686060118747,-49.8903069058086,210.1408886974555,12.516527574143385,19.90285488750674,1.6950151041503303,4
155,43.78346911736438,-72.33169650339772,19.470148941758236,42.37891329877811,10.323726382384955,1.140836071443439,1
156,27.73264143582456,-77.62740854268947,19.887478213074317,7.6029204453528365,19.660128931548925,3.651357654890277,3
157,37.52912588318887,-36.99621989676782,85.73089178484791,16.71050155781873,14.667727167461985,2.4735590226058797,1
158,26.00129356483623,-2.1000250011258714,18.837158045656597,29.16384903020361,15.522339283258734,2.7402586235134336,2
159,33.89323454211639,-53.05962807035443,18.861144317187513,17.283171868534172,14.243445111634053,1.1331299905997103,2
160,44.41531804890172,-2.8580710330146246,56.08315040558787,8.914404196013457,13.492985343777686,2.118065551036942,3
161,40.80892295590321,-40.494911790547505,165.36640214208944,8.647079715844157,11.422015221447925,3.0497762909787878,5
162,47.778358713771254,-92.6179568512918,34.28189443596219,45.793117375006105,15.284508361115314,2.986336030319694,3
163,44.47681488799106,-11.93080972555579,75.51858133322757,28.45671404811867,18.549768844567016,1.7358565967660038,3
164,44.54964922495486,-14.99644279419583,49.498051529011256,35.606334729213515,15.804725160367028,3.258149918672924,5
165,44.90263973917214,4.621223329427835,65.75638294608537,6.316127736555162,18.08398425621239,1.3866096024203356,3
166,27.94425419964801,9.044157112324143,17.31164270861672,13.690978906428187,9.925080469147831,1.979300729509879,1
167,38.42715170243338,-68.82357027230083,66.01027553534679,33.53025663948251,14.939839176874411,3.3395361854534307,3
168,41.786725465052726,-35.048010558866764,30.68468205132942,33.467985191027665,19.252309160610192,1.3075291839720378,4
169,26.51759035799674,-7.497506975081222,41.39736455098663,47.62840497153521,10.830153456254996,3.3129528775964063,1
170,37.1364319645831,-58.49403316564519,22.55359565626186,44.219156276856936,19.708378660951368,3.9066335658570743,4
171,38.8369147284496,-28.672496892574557,36.68038552735539,22.26255171825298,9.721887590314143,3.464538842222323,3
172,28.565227491897936,-99.876462418524,30.253339482686986,47.493663573102346,10.124129816630909,3.562629323384698,5
173,40.035737870318705,-73.50764646534876,12.429242468359268,8.707147052712921,16.485492322821845,2.9635336428434056,3
174,44.56941238583961,15.58839841281582,7.557814434449661,19.433423319715736,16.968649398755286,3.2375110360928927,3
175,22.809486154997295,-21.799980954893798,21.045030889229302,21.58368546756925,18.50794074823601,2.4196297200746715,4
176,26.82366340828115,4.234780154673288,58.33326028512944,43.01524526525994,17.371263900372988,2.8786609648942463,4
177,22.84568066677255,10.501741737882426,59.02918981759765,32.74926415343322,17.76191020073794,2.44456705453765,1
178,37.789967654829454,-70.29520532759499,10.080303525430539,12.237146108518553,16.16671413482491,1.9777763918562248,2
179,42.736536616566895,-62.75656492917115,42.65484465412594,25.484906708681052,9.127825938989107,1.2173406633836765,2
180,34.47840970264521,-27.99753422568355,75.09974910652227,43.70550787351421,17.578360877826846,1.1188564760450714,3
181,24.72818463887255,-70.95459809649671,13.805911129241645,49.39981669702159,10.567450971916646,2.496664460354068,4
182,40.2640892341467,-32.84215798157031,16.427307895158215,20.778211904413133,9.365234196705032,1.2357354914650622,2
183,47.41412604418443,-75.8969092165247,34.12834212827205,36.19372733702065,18.03584800810853,1.1235504858378151,4
184,24.718763848694408,-23.628370054763593,141.1162613643375,44.19361056857385,16.854956253456706,3.4051842492093756,3
185,34.594359636925056,-20.701585804089916,44.09474361536254,29.88506536663813,15.572234488951231,3.3514976602565856,3
186,23.059606758404293,-80.32006228126033,127.55130057626576,31.69753917395804,16.153236044607993,2.437836785728862,3
187,27.69956367130915,17.103830698295752,22.914356708989782,20.160310629699808,11.003297072575691,3.3690955214274374,3
188,26.203486147816868,-97.49666328501543,11.600209889370866,29.411538607371536,14.426045314621796,1.24457946865728,3
189,39.68593430321357,-91.3361909224989,86.37998226902057,6.379362599261273,11.834511773623351,2.387868870217949,5
190,40.90639581392401,-10.875217456002275,7.452389933220389,21.696744334307123,19.864145201096637,1.1203275742374474,1
191,35.36389256302685,-29.43299462919049,16.098392192302374,6.3227500590428285,13.350666868339168,2.8185661406835147,2
192,42.616858459746425,-21.398879340146976,11.920071110454117,25.961576315911184,18.195978701593305,1.7073762818776297,2
193,40.61144908173431,9.083902479876926,9.592448189620631,13.085739899160888,11.612976574162655,3.914185282124919,5
194,44.214012427609056,-40.926657226235825,51.156017193763276,25.038736475119947,14.662990893226592,2.077700108199297,2
195,24.47679920682028,-21.745210536347457,24.618754593712357,19.04666255134012,13.38950540750822,3.573958761768117,5
196,30.454941669842064,-7.183224917607916,9.537973863360115,8.307353629850569,10.867336955962948,2.559321845668053,2
197,39.4041504379434,-82.5092118106298,26.63119368386243,25.224522584618196,15.466728082214257,3.8457500645543012,1
198,26.343089605424694,-79.88569404540188,25.602550080040267,42.987670203613874,17.862371682450586,2.7560630931902566,4
199,36.03755182705753,-95.89746808730102,174.40817525679714,49.40118411607227,10.352678893825894,1.6933927372829398,2
200,23.02293205738125,-85.34681031879678,59.508077626895705,19.227024723953775,14.579582895572317,1.1247185771511763,2
201,32.331853700074426,-42.41235020895121,31.04465760957205,35.86854811923428,9.191177692040275,1.9693919712108356,5
202,44.56587565752058,-45.431217323936906,6.167323250722611,35.008891589574695,10.536163802319441,1.089920769618034,5
203,25.732101413024214,12.778375031221003,347.3046253667097,37.980451325360384,10.78620084128553,1.5650472512968043,5
204,33.537505701918846,4.17707052530065,51.30420668366155,42.71518803416496,19.390756414214255,3.049744084868937,2
205,28.34782955098173,-0.29473703899535053,15.899253458736522,43.90739761797665,17.453713009761703,1.3393294572297192,1
206,39.927695526820585,-18.81839370673042,55.20117159601759,22.72389825443713,16.163562747456414,1.3197790909239722,4
207,26.141473576312933,-27.405529277135102,13.271197292936717,19.315019912815377,18.5308253428041,3.9800108120758857,5
208,42.34202258551511,-31.958048681599863,52.01449294941952,23.186314474296484,12.597364777195626,3.002780156690754,2
209,41.81941350419201,-4.2623621369638585,44.01103965683419,24.601249166581987,17.996176377925238,1.3606271661118252,1
210,30.537911925012107,-24.374950200502695,84.54335007947232,22.118886690475897,15.033496938166245,2.789456424956265,1
211,33.55490577153124,-98.23995315444834,167.7853952818405,31.417776846551792,10.852888236569916,2.927727906841569,2
212,34.05084513881488,-54.42570637849242,34.71992389473879,26.563184493337893,9.282062723870792,2.0237434828784693,4
213,25.87378825522506,-36.80514432772485,81.52368738770467,16.07313464590992,14.24365022545275,2.1830959714550504,2
214,40.60276358458114,-37.45190410175988,26.669486566780616,45.35214304280551,9.784082970606804,3.8639800900999224,4
215,46.10289816470397,-92.7679131652527,90.87240051178628,47.04962120624814,12.867849559635978,1.3042624853476497,5
216,38.05114569273733,-37.22983305018584,50.29646974396359,28.95170960025681,15.390252585890774,1.2688790174648263,2
217,32.39753537690806,17.20702863950946,39.07469542288129,42.04283070180471,14.747291445677302,1.3696679625164982,4
218,26.7173970400863,-36.98039395995278,20.468884111761064,30.529049883300658,11.822190620715002,3.8887806257127395,4
219,24.263013027279126,-2.110162779486288,42.769513497233795,21.807935736727444,14.79149113569159,1.3369130332336576,5
220,37.64190732380461,-1.6973368687851718,26.3863426200118,14.5420177958702,15.720790877360908,2.2330854094201142,5
221,45.553168724481765,-7.606635969798532,45.647725135520645,30.048667607152275,11.812094975901996,1.9061815055043851,3
222,44.130530782172045,-19.429039656326268,52.94970849922594,11.736678558063097,13.663392942046322,1.458951402485688,1
223,41.158717368548736,3.5356493051874196,57.10004992433798,14.753291004084904,10.05286011072178,1.0709157581390092,3
224,37.7844449383083,-34.396310474311605,21.200114275002235,31.751435083377785,14.464435447450864,3.963356560644662,3
225,37.52321983928798,-18.899050589514886,11.069101923082403,24.92226350507872,13.903700060349518,3.173550554195854,3
226,47.772655836256895,-84.59268526550497,42.18852561438702,31.02741126528841,12.015767332157864,1.2382581069669598,5
227,45.24896274126708,-76.97592103375085,21.599740921636865,19.551720295198436,11.493220424496869,2.064988917495812,4
228,33.502658348497405,-0.17642640982936086,21.829645788612627,33.807570072267474,11.982621801502033,2.778435974960268,3
229,35.856902450334715,-61.07994962615493,39.03047990898659,19.985086087618907,16.36435650718009,3.982418083663503,2
230,31.436551067995794,19.45765888451085,6.952527205150488,31.121375302250357,9.976441335185452,3.8849972078644397,5
231,39.94012716133731,-75.88795736091322,20.02250492219877,29.11224580128866,10.063440946113916,2.3511128087745554,4
232,31.036859630213534,-20.210593061533842,21.60387547956749,11.858720599868786,19.917318523742125,3.781002903772886,4
233,28.33507461766053,-19.412986766435523,10.743326585112916,9.181811497072546,11.827519930752878,3.363705964876795,1
234,37.820646729154575,-39.17938818154209,26.24184137287053,20.375352585361437,13.19000478062086,2.0389653057670105,1
235,36.398858258521784,-63.33708272103718,23.896727649806973,22.864168268342755,13.919227945553192,2.8017830000818518,3
236,42.443174875684456,-31.049514121868,6.718435607868178,27.55188496319044,13.368966551721321,2.6191978562798286,5
237,31.89620563039108,5.3569184534083405,87.76562002329808,44.06255105483527,17.865179401293833,3.370091308921184,4
238,43.28711010593102,-61.29664265843018,58.54625886592273,30.882350772348122,14.27289884151637,1.9411830735822881,1
239,37.76257638152541,-8.222823891640545,36.45871435180299,12.867738226718565,14.528226841097867,2.195989083316939,1
240,39.32397903171103,-85.38857066496702,70.85510663629437,15.464811126442104,9.879619337952322,3.330170891415078,4
241,30.107219460216747,-39.26297645917071,2.201761086216658,24.778025988480955,10.162311526879183,2.922478944070619,5
242,22.459883049944686,-27.693620338856206,11.590392147065787,30.39984908054971,11.109607011510466,1.635266051996435,3
243,41.61059215294044,-25.66026983108948,9.48656105972254,18.38097717065775,13.733708952598132,1.5119942756499953,5
244,25.156008424983153,-63.606982291888535,42.180573501631294,7.803130915852821,14.603643409647686,3.9900905615589304,1
245,28.048784002629706,-73.5036844257233,20.038535818470056,12.818866804803253,16.212960398178218,3.544047655748204,2
246,25.398469795245187,6.392505828856002,11.095027569812311,21.549170789478033,13.555427277818197,3.4826136867006228,5
247,32.064047768726404,15.658673057882126,27.66554229840144,16.186111597172392,10.471841099074375,2.2557418648718057,5
248,41.76753540117551,-83.54683531252012,10.14388179555613,5.545434858975197,11.653216033594957,3.9276212647301616,2
249,23.68003367594624,-94.88401488555607,38.347446282215294,21.713385544256333,11.924362503197449,2.9382703703875244,5
250,43.953284151230015,-88.23009030589066,12.750264749707728,19.610416710052696,17.110927851265796,2.4280543881062995,1
251,37.96611409080314,3.1478277976334965,32.070262210834024,22.657717468781353,19.51844409713843,1.399435012534291,1
252,39.12599580139353,13.13973696959141,42.95450091447735,16.387629476035304,17.59287466165611,3.4753965877861113,2
253,32.0450716560562,-45.98506810962884,28.980429968958656,15.213411246441387,18.783300077417287,2.351858970189274,5
254,25.904394021243082,-11.507947753421732,165.78798910714116,6.875280527107292,9.932712176503836,3.1489701641880465,5
255,42.85539451131727,-87.35589592566329,36.937535818306415,6.600689016599675,14.594372183923364,2.1627856944483086,4
256,31.09228397339209,-7.041576258258175,14.331661975335344,12.834920090033796,10.08235214684737,2.9809081591040143,2
257,22.544568986803732,-90.13939990282871,50.87248471361077,48.55370156802637,12.249892552251623,3.307669443514401,1
258,47.3757620895686,-19.917952234428597,27.9643680900229,48.19219331341681,14.260808240335162,3.687443792115646,2
259,42.76656898301894,-64.86135559588423,30.146816011644816,49.098664821148276,15.620697485999543,2.7472679746217397,4
260,26.072599361319014,-94.75172489440367,39.8038466960193,9.27552645465371,13.135921789354425,2.650275821374468,2
261,37.93642914485766,13.169100529364911,16.012317906957485,15.831172032462723,10.336515139310098,1.592411469579812,1
262,38.791081129035355,-65.69118529130078,42.23718256506896,43.09314524106251,19.1081918700351,1.7567230605200848,5
263,27.74764765779694,17.407673456071507,40.965030324651536,38.66863576905489,15.13594548062177,1.5417837945259025,3
264,30.321555645545573,-9.61751969039166,41.91399555566321,37.757622952883445,10.187380861111109,3.05589404834762,4
265,43.262418576280574,-74.37863604271936,8.381303176178845,27.763371182832305,18.247733308123202,3.1984046342987518,3
266,41.71281028798997,-10.789145670806889,16.658639681553698,11.820621721445312,10.031326127101122,2.7315183498626503,1
267,41.7891599631221,-80.79140380545124,40.252473565646056,25.770086348890544,9.102647818098026,1.7400365935648692,5
268,44.91772027155056,-66.65174833013586,40.286437601483605,34.59021407501103,12.420218230083096,3.2270441517175277,3
269,26.88864310000082,-57.35385175771127,28.27721535058731,40.27063030184287,15.096491655452184,1.015688840628738,2
270,43.839063487336745,-0.0783436783548126,61.501784762129994,39.031909605115366,18.261674086463795,2.410957162305357,3
271,47.90469277830843,-55.8028563391782,81.2669994269031,25.187478392954414,16.942780320230106,3.6585873413952235,3
272,25.58339537814012,-20.434959459940927,23.73723228232897,23.10472061089502,18.616887176712616,2.5303291374964756,3
273,23.686193456557177,-30.40194550862425,12.876118928991458,30.266806458178568,15.16726103857788,2.8104629997893644,2
274,37.58359310723628,-27.74252271370227,14.97116066413105,36.2937041747624,17.20517729695042,3.9459075713384357,5
275,42.50398908148257,-37.927713227006876,45.0921199126466,24.808954907997077,10.621977793769123,1.9845782608279348,1
276,24.30361117167005,-73.52656567465465,111.13656879906452,49.92563801268273,19.264246644779135,2.927695598605575,1
277,38.57638487622597,-40.46003390641366,54.852586837602,13.02136101070887,16.5450239815485,3.973379295463911,4
278,31.979656750259146,-31.375327452737622,12.149906150311057,21.300594874352978,12.679624176161253,1.0785901255961945,1
279,37.23106379526945,-29.622508937355164,43.768547922147356,36.39517823840338,19.225786151632526,3.3477458195540137,3
280,28.741715730510116,-48.44118247132779,49.942886635606605,25.61840990320517,14.312657592938908,1.4004399172478315,4
281,23.29589272235648,8.46959963124496,21.624768082904517,45.92255864037783,17.582343697731126,1.0210876114408576,1
282,26.131612359403192,-26.77298206268304,45.43340238898164,34.56298203202128,19.52276083191804,1.2068740490692635,4
283,23.159467617697,-95.64548528637974,20.93138574390473,17.407393389299852,12.0317357254684,3.3613798078048123,2
284,29.070692879344406,-8.872208509844356,109.30595263846291,7.941477090397336,14.363283130407227,1.100840800549848,4
285,38.11218544518481,-32.56085830398318,26.65831525894875,20.56642013757624,12.467084732070948,3.315573178544864,2
286,41.043667027790335,-34.20152995282909,83.74973413824698,40.44708569874689,15.868679911189009,2.483443393885279,5
287,28.669781623550442,-21.49904782311107,24.49499031414848,13.914393474188305,15.21863280028771,2.3917974600650087,1
288,46.6229356812068,16.082741334593024,20.371228159578486,8.997811028940397,16.521295161347467,2.635316584782099,5
289,27.912646892395852,-51.52265484081421,121.93140948508024,29.414561152794032,17.70869987298687,2.646515970160176,2
290,24.124858989416236,-45.003923016561224,12.02427587038297,47.55641661501271,18.349729086287283,3.007067011987325,2
291,44.41165961851108,-44.78052826138724,31.614404080053458,38.717767071309936,12.196463157869907,3.3609104047529987,4
292,31.25530771866617,17.36741815682342,32.75703448474365,20.28998622028483,18.593492700247243,2.634543277253547,4
293,41.675539147904516,-37.67369685952752,106.25977957384919,14.219657336782065,18.65613085967245,3.6387455648545877,4
294,28.64282696104572,13.59655450395286,117.45733630649252,30.109133245218793,15.077649762609976,1.2824557303770936,3
295,45.63972535240056,-35.3557842456743,44.87560284397637,27.40156286154306,10.160210699522937,2.970340314172882,1
296,32.33191615261823,-88.79104336296453,11.179454031816228,13.402548309786866,10.03439714877693,2.070012922425294,1
297,37.017427512910096,-23.85010989396355,26.83677876822628,40.906137182715234,13.355675199287003,3.7452702052211295,2
298,26.10682539371905,-16.4921058197437,19.789670984714515,43.573066564943886,18.967575802423433,1.830713462133427,1
299,37.550928363594466,-95.99396778563425,75.48761884994684,21.366190614026312,17.05898758170916,3.46113252234692,5
300,33.44840887757707,-26.164236991623753,33.76333888090641,48.52069768666267,13.595370772026097,3.9523309571094933,5
301,40.85482424871216,-61.238656193654336,102.49114907193582,49.86851706867478,19.777607036399743,2.968402054061742,3
302,39.85838593955076,-88.83634162479673,21.77587577538647,48.805582548927795,12.705245520472136,1.889469343849946,2
303,24.87945957829291,-8.850110786244187,12.112415247887455,49.46295049937483,18.914256118521138,2.955003756119278,1
304,31.302754898461487,-40.694506329964014,22.227051569887475,12.81927169110847,16.83215422363859,3.4779346381242453,1
305,28.236726931654562,-82.96336122868072,73.26996944336553,20.657363521197496,13.95386076795954,3.2464790108899195,1
306,33.32314181435214,-30.730032307766436,62.58730821365106,42.96817968830259,11.793723620292273,1.093346799752073,5
307,39.58061661396128,-60.98751814819612,54.32210041760303,35.88472385087438,9.766052629786463,1.524644311527878,1
308,39.03734265198311,19.00911406014066,66.30581192928754,14.698844095609934,12.964156019233823,1.2055162198809386,1
309,29.90260643225882,-21.62046513624604,24.472037010617658,47.22371683018172,18.58324930489357,3.2981943296059075,3
310,23.536441142034587,7.861686581629684,65.85173528959078,5.008477980046186,10.859891773915917,2.1692781622794763,4
311,31.9219104365472,-84.53815455996943,43.68226553197712,23.574250816971173,17.825897620751906,2.4372101893100537,1
312,23.092641554456538,-11.211505507968354,27.72990065290714,43.62537545596044,12.214400535080875,3.7323104849317454,2
313,40.182199753281296,0.7353091400920277,46.40223260731259,49.18094119672824,15.834789469788825,2.6775544204879793,4
314,43.56426128633002,-66.21745619020841,44.426220668294754,9.344051158794837,11.66083211084723,1.0372121088319444,4
315,29.83289677976001,-28.197101884268946,144.10568318991983,18.375701346887773,12.299110226576833,3.22957959619481,4
316,23.676773052478357,5.268734859464047,24.886316248329383,20.31826295073041,19.879311941851913,2.878528514779415,5
317,43.791956772350034,-65.76515939712203,62.52126471924759,24.31321670283606,11.945543430371675,3.3674825397661943,5
318,35.557587915133325,-92.36309088560292,43.729559881701086,10.171984867680507,10.032430133056918,3.728880458309777,4
319,44.58233916432751,-92.23757277818422,83.99917810775769,48.01210176743385,9.27656154105,3.083351368392126,4
320,45.67759106531363,-44.26801165293487,24.267565784536263,12.417110390604293,10.87640102712799,3.8443249605143266,4
321,42.50885886153935,-23.247332658678175,16.316011179612335,35.43918630522765,10.448627823192425,1.702553340446457,4
322,34.67934378415288,-21.733088854543297,36.54571144653832,38.46172622794519,14.56892665444723,2.9023120941289937,1
323,22.07594684815541,-95.22808420137166,51.47973838468174,32.18322546820487,18.981181811841317,1.716569981205783,2
324,47.259849963427314,-60.23835914763391,10.750432959473809,32.485103198409575,12.087515370675717,1.6209777353152803,5
325,35.96219469713532,2.496319718060519,30.985381907443518,7.2273584072149974,18.166487786203138,3.531773837835172,1
326,30.810376882807542,-3.689718450422461,48.62398409039797,18.206997044365473,19.24929091376098,2.191045123711575,5
327,29.398619845835334,-1.8151997502102972,294.3277041570878,28.92197590719939,18.678489450972762,2.7243386627932455,5
328,39.56092539622432,-94.61757183717177,60.73286342047294,12.434177270203257,13.288595882356985,3.1895809265454353,5
329,40.56484875613827,-27.051374309115545,30.883668641810615,18.921772303825193,18.06169422643424,3.8651815344549667,2
330,40.75622972876349,3.5456603494894807,24.493404388291598,34.93814458901248,17.803903669257473,2.9879935391780665,5
331,25.14665001261502,-49.72626517750295,52.49006040914615,38.803012151378816,9.78108430986581,1.2405400422457102,1
332,46.484868502092056,-19.771282393250317,13.841630279941505,31.71473560438423,9.111443024305178,2.9082881392286266,1
333,37.9269101769653,4.843831215961401,102.38558219312166,37.57878749597422,10.326142580440592,3.7073599218575253,3
334,35.88315428624186,-82.94354514478508,32.2467095147019,18.27683184443703,14.346005431773634,2.7315996602036523,2
335,45.66350055633549,-3.0372844112136477,28.036479855494985,14.722311425525923,14.132685631669375,3.4501696076756336,4
336,32.07220722738514,2.2209484248737112,18.34019960540835,29.414046583951315,18.47916744410125,2.7708566288594794,4
337,42.75788885347717,-1.3093151598065873,28.949587275249318,43.59030519475777,19.082987594253282,2.2929556615398887,3
338,37.13716741144696,-55.45930918748469,117.74452020878182,35.97822583214616,13.120081757221335,1.5005806050962585,5
339,38.789253262485914,-94.62658593943982,61.78455300173259,39.285806905958694,19.413088773929008,2.019306481453354,2
340,38.79138204344859,-23.571721905430806,21.120952953771585,23.43330027028544,12.42339244569733,3.031361919205028,5
341,35.808218967016316,1.006803409361126,28.011706189586373,31.109968345326322,15.156572893217339,1.3157775555910372,1
342,25.65437715703738,-41.729236040872266,33.261282744194844,48.38078332029661,13.226273842843803,1.1169880377247348,3
343,32.08765575861861,-80.79700762441672,22.633605910890093,6.050844334768366,17.318349753451947,2.375569026645672,2
344,45.4021627584285,-86.06332477593693,30.73041077446617,44.97816525389066,15.632371641274077,3.4801220792244623,1
345,24.29324429853664,-27.1747190107684,39.772906530784354,11.821293179144597,9.340314092044762,3.9122264610317443,4
346,47.48283380275794,-42.6545862373309,12.00798158055767,16.110834200041353,18.22404136393111,2.0685569413527825,2
347,28.742707330244457,-76.64513959541537,36.549344785596276,7.59414119895612,12.766927767181848,1.8107430763923498,4
348,43.597901273522,-34.62068109457758,41.87167912812301,49.98712118701613,10.65573640829755,3.4502707903585845,4
349,32.44624881701243,19.261806667963782,12.85313827596944,44.614164296701716,15.857465539753841,2.7081320835468485,2
350,33.99758330907013,-12.301836554582948,35.43947428616971,36.98981225070436,18.976370897183173,1.3971171371049174,3
351,45.645819884368294,-13.3428117452913,30.94705888049404,29.002398294441317,18.569660756124534,1.3919570314703886,3
352,36.282384464482526,-93.07107377569915,24.796035409005906,6.550756674125,19.66568499532905,3.8473364292683216,2
353,47.50567183222981,-41.99110768322241,159.86331267636407,43.85963851315453,15.476046743444519,2.1259897237588055,3
354,27.283800368238268,-8.584217034676328,40.14014675596065,27.154646600053187,15.350069321564444,3.5967314368736565,3
355,32.59718942291924,-0.6977293472436372,4.778868495555311,39.40375075946229,15.308818466011306,3.8681414308357995,1
356,23.5462607905493,-99.6198581703158,10.93843466856536,15.817207491476772,12.430889880047085,1.768142695314863,5
357,35.27124471411004,-24.808898668814777,71.55534445283091,46.6872173028539,9.210277038727405,2.4305304049534513,5
358,22.79428588442788,4.645800613640915,198.6996587100974,34.001162470446516,18.017775854832003,2.0002219664773317,3
359,27.47832906054728,14.893762284571537,47.84929982463732,5.3988478301061,19.97602941250176,3.030463896572187,1
360,24.335116011352124,-99.72189425142234,29.994598965967686,33.48078488052954,9.759324949766345,1.0169974435887017,5
361,43.37009253443817,-2.898019463316274,24.898876702541425,44.79909239758897,16.700377000493148,1.3132123892442444,1
362,40.80188664808037,-66.35986470501749,48.24334295504396,33.444042327780906,15.34744730908102,3.0932688282202885,5
363,46.83299538958424,-37.29080807959058,7.503201403302238,18.480455507924326,9.845482828037799,2.5018728042112537,2
364,28.29801166343874,-42.60881389657318,47.36670127932573,35.00844894564205,11.322237182827498,3.5902023005710055,3
365,42.890551325719,11.507366435822462,18.094306527923393,23.22962125374049,18.96722102345747,1.9644871037436458,5
366,43.897999404942645,-34.12234606700298,23.92275798988988,39.18251429149084,11.066271377915516,3.1593743600640583,2
367,37.2324844997915,-25.025936465271712,10.95401897053801,8.229911280193086,16.508789433457427,1.7257950409465888,4
368,28.100989486172082,-63.616712864674476,50.350919837534896,10.397916186075047,19.084708597725687,3.1619654358493396,4
369,34.91408099326661,-65.88710884869799,8.243752346561328,11.022276334986191,15.925134665809102,1.1629961044687116,4
370,32.46361257327539,-87.6702097057092,51.84430813559262,37.17674234828077,15.528343392735282,3.6871801777785187,2
371,34.14116799905388,-59.15551044330848,20.23668528294576,47.320182758127764,9.909870076767888,3.7926621161824254,1
372,31.366081888811124,-67.55280563385693,22.624271748679337,40.501961229920326,18.81059359291808,2.3014522587295887,1
373,31.810155196564416,12.358538476298818,66.65375236368942,35.38130275173506,10.276249494829862,1.1268752476680435,5
374,32.07886894184682,-24.074574550167895,50.289431465436635,34.98734361101929,19.62652255641545,3.283113370752349,1
375,39.578814016774686,13.277876643585145,17.23387306002113,17.103561421792367,14.22947268635081,2.903019219133613,5
376,23.2528363222257,-56.7939440918826,33.12944178982789,24.47281112088671,14.034695656752234,1.626648172015491,3
377,31.61514465566659,-93.7173975775033,53.568724473330846,39.54054328330632,13.58154875094267,3.46653966044927,2
378,27.51184542216511,-21.11758213958457,76.04227456652619,14.708330562940436,16.455945203410486,2.8232563667581676,2
379,32.26309319996553,11.696875677978781,31.16789537890866,10.65759210465018,17.108062054752565,3.923775434005989,4
380,32.27340359789908,-14.415174006085877,38.622475834274255,17.933431840951087,13.045645865317681,1.1742758562410494,2
381,36.13894892452217,-88.01598146365862,29.412557174223206,35.96199997262062,11.660777719095606,3.733206108302151,2
382,22.50251840385763,-85.07579211993877,27.814884676861638,23.19303862646911,14.840314462533032,2.7853950247170447,5
383,34.066474145791105,15.619908906510602,4.010649506074231,28.35645260582969,16.452964942048485,1.9355915737506497,4
384,28.948568374633478,-73.6233581412172,17.983972444464193,22.216114560678594,13.045070158856209,1.545217572128389,5
385,30.886896342796746,-11.316813065444961,36.91445113056062,15.046852347733834,16.06045954740891,2.7119488716428046,3
386,39.238190999686175,-34.19415565652153,44.019573177273976,29.613346311712466,18.127394323164093,2.818439694800439,5
387,32.34813761681707,-63.650112540016885,61.24080350653832,7.95626865294646,11.510588998430691,1.7398109049340738,4
388,34.30842291886773,-92.83402132349327,65.31804645553397,49.55940021144296,11.630746555604674,2.5922120658605077,4
389,36.15654065280684,15.532202030384724,136.76073527546913,8.402226827753784,13.022488230875084,1.6761438040202976,4
390,38.11309885726032,7.5290134153488,22.91231886188677,17.430679623881886,19.798186562376927,2.5817955427457697,4
391,32.09230835930188,-19.104364535672445,66.14145812257462,16.69572406592748,12.797114293436316,3.7524575293959708,4
392,36.00913823503009,-92.72452887202381,80.77059914766608,46.87730621809416,14.470436907858696,1.690752762131544,1
393,46.906287147476036,-36.44083312652561,80.73392786561006,15.885198235080013,14.506639282701784,3.0388609982053234,5
394,38.14362334566041,11.439234441785942,41.48732882365028,13.113857094025015,14.044577378652239,2.6826233900878527,5
395,34.51466778992729,7.7209607213548,116.12549047704829,35.3457040560561,10.506989693590384,3.984944107975279,2
396,44.19840796432135,-70.96274436195455,9.221157006713504,24.66481485495294,15.529170289166647,1.219244686081045,2
397,47.51062375581966,-77.18708202595269,47.9298331892244,40.666780232977246,18.986886731575815,3.8311047784606624,3
398,32.275354084059224,14.347615519739307,30.759922843433255,43.43998578533906,17.503979458672127,1.9299998115153678,1
399,33.914100910213676,-6.23813912627125,45.670870297195705,48.20755031279354,17.3993697575323,3.56562095505511,4
400,22.314681036178794,-98.91538371048495,54.31447165229197,15.290455082162394,15.97800057758856,1.6662276120799617,4
401,26.62509122527461,-38.23796594542733,28.050823276333187,41.372394780017196,11.792031859723643,1.7374223179184591,5
402,34.503143811678235,-20.50791859587183,24.861685373716405,22.902648147597063,19.114841271216548,3.9797650462688923,1
403,41.78620601088019,-55.393112031718815,19.726571923421197,22.6606183803266,17.296914706817248,3.755279296436226,1
404,33.55349908027937,-66.934247293662,89.63540948814952,23.702175315830097,18.319988344940455,3.7067092103867143,2
405,45.874216253561364,-87.78355804605557,7.149670389461525,27.768105848071926,11.429380612593098,1.1167898899770023,2
406,46.86432242807572,-82.21864861240654,13.896473994310345,24.41212919483336,16.91075886639026,2.6899739260991398,5
407,35.434158015882964,-8.946849549120984,58.36619294674372,17.712322968778352,12.883554307603326,3.682282907599752,2
408,45.20651391464834,-49.66624072512237,29.903056632936718,27.389293346574597,11.251481199630124,2.773390909775549,1
409,29.688061525081707,-28.743702302846145,110.93272585507036,6.47643308578738,15.996467156579651,2.093062715284696,2
410,46.46039753308081,-39.16954744457985,91.1497381577665,42.61216675597322,12.65410136427165,3.0808541724213856,2
411,43.444484263222456,-38.12087129722559,24.65459395969594,25.848214397275857,9.499436096155618,1.8700875809467177,5
412,22.976848350371593,-84.65598385330989,57.52326302334459,7.458548900043754,19.70385979269566,1.678375993749016,5
413,29.90250531863071,-72.35000054591801,4.27722867228044,5.066321993884014,17.022792734967958,3.900536499397856,3
414,39.23922698688898,-10.972440764954186,27.075126210919507,18.631890753819317,12.578246474253342,3.1378639992955386,3
415,29.057403018489204,-84.95722290491372,82.01472279983906,20.16341265728554,19.994983105910038,2.217253505845183,5
416,36.10424609002906,-82.0478260567657,11.798956075024694,38.92233652561484,9.227385057810949,1.8070589403949313,1
417,28.990015303773927,-24.587914309720134,7.849335313891369,26.684036567357747,12.978812803455387,3.8476258806115364,1
418,25.37847567896647,-32.78899630679254,58.58325733431504,12.744015318286673,19.69661998944114,2.346440937239818,2
419,40.12744392965055,-14.280803711800289,71.38664486802388,25.77722647159036,19.130939732062334,3.0837862817598563,5
420,44.40396349847097,-67.11140927893709,21.568473399990808,20.54038785101995,12.691714996968269,3.9355764051674216,3
421,25.090734170603874,-8.233703022846498,51.00988233836313,35.19748777369615,13.7885664360076,2.647929314440312,1
422,31.893460456617255,-80.43575956820908,57.767723690756135,22.29597673358607,9.277127553551523,3.516991983154032,2
423,38.01370980759475,1.1933709123682803,65.31891703553136,9.388144653840385,15.148786975097515,2.5032636407865914,1
424,35.89155434923557,-35.11185194402749,7.983039480215985,26.701896256348647,10.303415946452407,3.8845400169492543,3
425,46.76414503388402,-72.79271412040441,19.610070422569965,44.57034590794376,17.896689830198923,3.031457237373021,4
426,29.54118383102336,4.569684102902514,77.31972573849544,16.271055445662455,15.873615095676989,2.715237949431246,3
427,38.32782794770655,-70.29879122315057,54.25009587289753,12.32667723545887,11.056058846693078,1.0593869750417633,5
428,29.97619158757567,-57.64497958571721,9.797356956897957,37.97145727656262,13.449801241312567,1.205059600929876,3
429,31.252223740739495,-89.92965570142847,80.65257240670503,20.005816711820472,16.452950400538874,1.2163332787883054,4
430,47.53328796241503,-5.816581244934383,21.174639544352296,40.144815212674615,17.637956926676168,2.8033080868729847,4
431,29.22417217833252,-66.84170698409757,43.46897622782651,24.44085174175277,19.784056150364037,1.2025076400514658,5
432,47.40471005934091,-87.6254365110309,45.1746553005294,29.99729408476371,11.087968332693716,2.746549690277769,1
433,31.009628366770674,-52.28651457365553,34.15748070324445,16.89243184213877,11.258662325774798,2.44911909267667,2
434,29.474003287328504,-21.18927238305315,35.51881567776631,8.464076017923482,9.831419752394737,3.854269662536698,3
435,33.18974349196063,-16.504302681346616,45.45616888706277,25.610999525071644,10.013047785561927,2.660137048380122,5
436,22.39287778957635,15.801844334536625,63.378028236438645,36.79834414454193,15.710081587874342,1.9387221826409446,4
437,28.487633537794466,-99.75777787021192,13.215486597702379,12.833675389014317,10.287726455665855,2.3472542350328403,5
438,46.56314272836007,-11.615772599824894,27.884520550503186,31.441364199923083,16.71253553859221,3.040335656340918,4
439,38.31465086639126,-53.726378456122234,41.323641080842265,47.13202127359486,14.961890823787424,3.8189545338805244,2
440,32.3749182587033,0.7761927997312057,52.02293820869663,48.96531294975246,10.120824109602305,1.024959826681576,2
441,24.408262559335547,-10.193878038852233,14.647483252197238,46.15468987318515,13.774230699796348,1.7761349264663229,5
442,35.330886250806174,-47.393802396308644,159.53656911238883,36.539043613764434,11.244271323124366,2.9619822770194038,5
443,44.81422121301653,-11.353221912812032,50.99992729798305,5.618549930510536,11.732138864067803,1.6432194489794938,5
444,24.005774382029127,9.340194221609494,15.203227058869153,14.690497162214868,15.568053472053919,2.784409644033369,2
445,45.009072012695285,-54.00589124293583,7.374629707487413,27.20754464694837,12.116352386674237,3.3603085100713823,3
446,38.036373804166075,-10.854220759847323,37.46732986475934,8.080642370011013,13.082242322731407,3.762299825390072,3
447,35.99663052464855,-67.73757827413678,130.26225397801798,21.58020139624605,18.848806980684863,2.9993891425805073,3
448,33.812980999759034,-24.370333665261057,64.36486311415223,24.24206001665018,13.868000662962201,2.947966973730645,5
449,42.383671325923245,-49.673246599963406,14.674934080751218,27.50360532222122,17.636074855052783,2.796536200238317,5
450,29.82719802369214,-39.68425088438434,32.75087905596702,46.71997829862923,10.159325399185857,3.293322184226513,2
451,32.628208791957434,10.88322445108794,19.07193305483654,10.034627744710573,14.680668270404722,3.359567147172541,4
452,39.26970400971317,5.802873421220966,52.273544290164054,9.96943385349962,12.181061909255448,1.929420625967407,4
453,33.525969247446554,-33.594377456110294,71.84763731635276,16.469701201169705,17.167839161244636,1.2299074194257464,1
454,43.53103755416491,-74.07278605062803,51.889768908324136,33.44974689892771,13.108721945896562,1.8144962625456036,1
455,30.28383303185379,8.427013211903642,53.79294963760332,8.493834919495157,18.117584038782546,2.046670225125471,1
456,44.32923605037202,-18.767106040379517,38.0862839135412,38.67601341495829,13.83131661374689,2.8316402650462735,5
457,33.9389200770466,-50.668766934347225,37.77789428511021,37.48681523820557,13.232839789432136,2.4681293469120105,5
458,26.297396743716895,-99.76094377371157,72.2876555622479,28.172000746096675,10.774990811609221,1.2506630125320692,1
459,32.769224064867586,-12.110336222479773,69.04535138585543,44.67481170497207,10.33644930196542,2.9039177694621414,3
460,27.781393923452427,-37.69305150637538,10.653631848413605,7.597947165130274,13.301361560401386,1.7026101127790025,4
461,36.86971730011562,18.349600634168183,53.51101068209377,23.663112213536195,17.292515812206176,3.6144052641296014,3
462,40.10717498293879,-15.742468458180468,33.12725625515798,23.53811427653459,18.575796628963225,2.8942567636551293,5
463,40.11230905165214,-40.515549972173076,11.731354187329433,46.990725548373874,13.830051217759113,3.9413067108111153,1
464,27.362554959739967,-52.976875217436884,29.794696133837718,27.85122787814506,13.611988272826242,1.0543721231371892,1
465,44.290031461381865,-19.21042727745622,38.1453489177042,23.36535755716654,18.741817406659507,1.6657013823531186,2
466,28.58508197159059,-98.80254680098608,41.45088049069955,42.62529664432619,18.035271991907635,3.5299785033636493,3
467,25.31204681600882,-65.7389463857786,135.21909479891508,28.92098285487469,14.61617974950272,3.46179627302976,1
468,44.946556796081026,-44.042829263179584,28.56928727770177,41.159194675817155,18.919514314008516,1.6104182274927874,4
469,26.72480562393207,-10.830215244234381,18.94317244612308,43.156754769350684,15.001437009360625,3.945122027563425,2
470,31.76219214012901,-3.542254576786391,7.379883371490972,14.90500966571389,12.85572587714778,2.1175998212786524,3
471,40.372490850157504,-55.062352003837965,54.367641785835296,21.626687031412114,9.498512068569841,2.0498348185889195,3
472,31.859889966691675,-0.23587525336360216,24.248918221741306,33.43949061782851,10.049087625003645,1.3110357422028294,1
473,37.106392427752844,-48.871482684868354,76.8291375487478,29.661456049890806,14.731805095592266,2.050608973272191,2
474,41.72104890382616,-98.24460893467891,56.5383906606,22.39790776852254,16.28732341635769,2.040887979203675,5
475,26.12565071593181,-69.0122776400608,15.888458898455951,32.243529087841424,13.76479422446683,3.3229080488337854,2
476,37.048975617310454,-24.11304108059352,30.755881649521545,37.23787003811445,11.98036968148002,1.6067625415736049,3
477,26.8196922561453,-28.027442203540247,12.507189989663205,43.768116825210214,18.555036038057683,3.173033218988619,3
478,26.8859299011984,-90.76339967429512,16.01931298489254,41.982392596341164,16.254618455048472,3.3887243516241057,1
479,28.865611602036687,12.68821753403499,111.65649382287283,33.63684266900185,12.569629801928762,1.8085355868768178,4
480,34.0409825597753,-66.58509443517124,76.05950864893646,7.841313181732609,17.544695317479498,3.4649437988853133,4
481,42.11522668728731,-10.259371070551381,49.27080856803301,11.777364644822331,11.389539750983118,2.391970394393275,5
482,44.85883008763244,-70.79239801377634,21.532646072859965,35.008132608754615,12.553300803295032,3.6937575608729976,3
483,35.36922704024282,-11.652534096573987,34.93651577119421,24.638881942831684,16.33449100762287,1.2829822788731309,3
484,43.13055411721962,-15.179457306335067,53.62272094906588,5.257336161235518,14.124083285454372,2.7134868958670832,5
485,30.270715619490275,15.339129885219819,76.20916377667527,45.12698893412357,18.340969060518745,2.2180354051183317,4
486,39.01289214281071,-72.15781836294272,96.34375705123857,6.752210750944952,18.208315906137173,2.8585786001089097,3
487,46.39875734031175,-50.22218567332634,54.806012370119156,23.105072985679975,13.296529683399605,1.2079849911632943,5
488,41.67498434378277,-46.92474334586377,17.20598119466513,15.299395811757455,15.565370645765354,3.7845462943418546,2
489,30.889537230742746,-36.6787040533966,112.83134478276492,14.523615435643753,19.951942204487718,3.943353723603807,4
490,44.38717778708611,-44.6599718495308,33.28837874503206,47.714031193140116,18.161150920559834,2.0872939678474873,2
491,24.861645389228997,11.005661041161744,58.69127962440546,33.423958178730125,9.598298233745423,2.9327701709524345,1
492,38.86461287598921,-66.96541438577678,45.754096285441854,31.968595226274697,10.97291611318165,3.11541743671169,2
493,39.36177538168198,0.4840495724180869,14.620442369379411,12.637779285961543,9.210593547965203,3.33730775918736,3
494,40.19062881017516,0.57859699863711,15.116563436344864,23.084923995082853,10.69060147128625,2.717821698646067,2
495,45.95399531753736,-30.017103486748297,383.58359351636034,31.677808122864956,12.90417126964711,1.1559680559331225,5
496,33.006713747983135,-89.85215462833146,69.77369072086402,44.7311667433425,16.249499511454555,1.633695494418793,5
497,47.38086134969018,-17.985546711098934,40.81351788741639,21.89484993505607,17.80080775284555,3.653749878763563,1
498,47.92818539749367,-96.39687936047287,40.54985442044777,48.80221786241695,14.115104692790704,3.5421637917141213,4
499,31.035184143054707,-47.752762458911725,63.8333135537721,22.81827149364222,16.36239470078067,3.675679309769688,5
